,session_key,driver_number,i1_speed,i2_speed,st_speed,lap_duration,duration_sector_1,duration_sector_2,duration_sector_3,location,year,air_temperature,humidity,pressure,rainfall,track_temperature,wind_speed
0,9094,16,181.86111111111111,172.34615384615384,273.03846153846155,84.47742857142856,22.011142857142858,39.984833333333334,22.46074358974359,Monaco,2023,77.11863636363637,45.86363636363637,1013.3596590909092,1,102.66022727272728,2.249710227272727
1,9118,16,293.22222222222223,227.29577464788733,294.11267605633805,72.27751428571429,18.7027,31.719887323943663,21.92539436619718,Spielberg,2023,72.31647058823529,52.04575163398693,934.0156862745098,1,89.69764705882352,2.4548516339869284
2,9141,16,305.35897435897436,190.75,302.8,113.21220930232558,33.1263488372093,49.43229545454546,30.64859090909091,Spa-Francorchamps,2023,64.172,61.92666666666667,966.6273333333334,1,82.8332,3.5672693333333334
3,9149,16,275.5625,260.1219512195122,278.63157894736844,86.9636,30.277524999999997,30.624170731707313,26.34080487804878,Zandvoort,2023,62.22535885167464,70.77511961722487,1007.8244019138756,1,76.89406698564594,6.311765071770336
4,9531,16,199.35,256.0975609756098,288.5853658536585,95.61271794871796,27.7403,30.022414634146344,37.903125,Montréal,2024,62.810545454545455,75.7030303030303,996.3327272727272,1,73.6650909090909,2.687111515151515
5,9539,16,270.3666666666667,278.22727272727275,311.14814814814815,80.57712307692307,24.04176923076923,32.30203030303031,24.242545454545454,Barcelona,2024,75.42356687898089,63.43312101910828,1001.3535031847134,1,105.93184713375796,4.740445222929936
6,9550,16,301.089552238806,224.5211267605634,301.07042253521126,72.11098571428572,18.690685714285713,31.87261971830986,21.635676056338028,Spielberg,2024,84.96657342657343,35.00699300699301,932.862937062937,1,115.55776223776223,3.73094055944056
7,9558,16,291.5348837209302,250.41176470588235,301.5686274509804,97.75738,32.05014,39.218411764705884,26.470411764705883,Silverstone,2024,60.38734693877551,67.33333333333333,992.1265306122448,1,81.8061224489796,3.016145578231293
8,9636,16,283.01960784313724,214.55072463768116,249.044776119403,111.02410294117647,43.750764705882354,46.80911594202899,20.440521739130435,São Paulo,2024,70.99283582089552,85.2587064676617,926.4567164179105,1,78.38537313432836,1.6460313432835822
